Number of stem cells,Photoreceptor activity,,
116,60,,
117,67,,0.934465030624902
120,64,,38.258892523737
1,8,,23.4291231061645
52,13,,0.572251176045754
79,63,,-2.24871659737268
109,63,,
27,2,,
85,46,,
51,27,,
78,43,,
55,24,,
26,10,,
39,28,,
107,56,,